user_id,age,region,account_type,preferred_device
1,56,South,Enterprise,Tablet
2,69,West,Enterprise,Mobile
3,46,East,Premium,Mobile
4,32,North,Free,Tablet
5,60,South,Premium,Desktop
6,25,North,Free,Desktop
7,38,North,Enterprise,Mobile
8,56,East,Free,Tablet
9,36,South,Free,Desktop
10,40,West,Free,Tablet
11,28,West,Enterprise,Tablet
12,28,East,Enterprise,Mobile
13,41,East,Free,Desktop
14,53,South,Free,Mobile
15,57,West,Premium,Desktop
16,41,West,Free,Desktop
17,20,West,Premium,Desktop
18,39,North,Free,Desktop
19,19,West,Premium,Desktop
20,41,North,Enterprise,Tablet
21,61,South,Free,Mobile
22,47,North,Free,Tablet
23,55,South,Free,Desktop
24,19,West,Free,Mobile
25,38,West,Premium,Desktop
26,50,South,Free,Mobile
27,29,East,Enterprise,Tablet
28,39,South,Enterprise,Mobile
29,61,East,Free,Mobile
30,42,North,Enterprise,Mobile
31,66,North,Free,Mobile
32,44,North,Free,Mobile
33,59,West,Enterprise,Desktop
34,45,North,Free,Mobile
35,33,East,Enterprise,Mobile
36,32,North,Premium,Tablet
37,64,South,Free,Mobile
38,68,South,Premium,Tablet
39,61,West,Enterprise,Desktop
40,69,South,Premium,Mobile
41,20,East,Premium,Tablet
42,54,North,Enterprise,Tablet
43,68,West,Premium,Desktop
44,24,North,Premium,Mobile
45,38,North,Enterprise,Mobile
46,26,East,Premium,Tablet
47,56,South,Enterprise,Mobile
48,35,South,Premium,Tablet
49,21,North,Enterprise,Mobile
50,42,West,Enterprise,Tablet
51,31,South,Premium,Mobile
52,67,West,Premium,Desktop
53,26,South,Premium,Mobile
54,43,West,Free,Mobile
55,19,East,Free,Desktop
56,37,West,Free,Mobile
57,45,East,Enterprise,Desktop
58,64,East,Premium,Mobile
59,24,West,Enterprise,Tablet
60,61,East,Free,Tablet
61,25,North,Premium,Mobile
62,64,East,Enterprise,Mobile
63,52,South,Premium,Mobile
64,31,West,Enterprise,Tablet
65,34,North,Premium,Mobile
66,53,West,Free,Tablet
67,67,South,Free,Desktop
68,57,South,Premium,Tablet
69,21,South,Enterprise,Tablet
70,19,East,Free,Desktop
71,23,East,Free,Tablet
72,59,West,Free,Mobile
73,21,West,Premium,Mobile
74,46,North,Premium,Tablet
75,35,North,Enterprise,Mobile
76,43,West,Enterprise,Tablet
77,61,East,Enterprise,Mobile
78,51,South,Premium,Mobile
79,27,West,Premium,Tablet
80,53,North,Enterprise,Mobile
81,31,East,Enterprise,Tablet
82,48,West,Premium,Mobile
83,65,West,Enterprise,Mobile
84,32,East,Free,Desktop
85,25,West,Premium,Desktop
86,31,East,Enterprise,Tablet
87,40,South,Premium,Desktop
88,57,East,Free,Tablet
89,38,East,Premium,Desktop
90,33,East,Premium,Mobile
91,62,West,Premium,Tablet
92,35,West,Premium,Tablet
93,64,East,Free,Mobile
94,41,West,Premium,Tablet
95,43,North,Premium,Tablet
96,42,North,Enterprise,Desktop
97,62,West,Premium,Tablet
98,58,West,Enterprise,Mobile
99,46,East,Free,Desktop
100,32,South,Free,Desktop
101,62,West,Free,Mobile
102,18,North,Free,Mobile
103,42,East,Enterprise,Desktop
104,24,West,Premium,Tablet
105,26,North,Free,Desktop
106,41,North,Premium,Mobile
107,18,South,Enterprise,Desktop
108,61,East,Enterprise,Mobile
109,25,East,Enterprise,Desktop
110,41,South,Free,Tablet
111,28,South,Premium,Desktop
112,68,East,Premium,Desktop
113,34,East,Premium,Mobile
114,25,West,Enterprise,Mobile
115,52,West,Free,Mobile
116,52,South,Enterprise,Desktop
117,50,West,Enterprise,Tablet
118,22,North,Premium,Mobile
119,59,West,Enterprise,Mobile
120,56,West,Premium,Desktop
121,58,North,Free,Mobile
122,45,South,Premium,Tablet
123,24,North,Free,Tablet
124,26,West,Premium,Mobile
125,25,South,Enterprise,Mobile
126,29,West,Enterprise,Desktop
127,51,North,Free,Tablet
128,50,North,Free,Tablet
129,65,West,Free,Mobile
130,40,East,Premium,Desktop
131,41,East,Premium,Tablet
132,54,North,Free,Tablet
133,52,North,Enterprise,Desktop
134,61,East,Premium,Desktop
135,57,East,Premium,Tablet
136,39,West,Premium,Tablet
137,44,West,Free,Desktop
138,52,East,Free,Tablet
139,18,West,Free,Mobile
140,52,West,Free,Mobile
141,54,South,Free,Desktop
142,64,West,Enterprise,Desktop
143,31,North,Enterprise,Desktop
144,20,West,Free,Mobile
145,18,West,Premium,Tablet
146,22,East,Free,Mobile
147,43,North,Enterprise,Tablet
148,31,West,Enterprise,Mobile
149,56,West,Premium,Tablet
150,44,South,Enterprise,Mobile
151,26,West,Free,Desktop
152,32,West,Premium,Mobile
153,32,South,Free,Tablet
154,43,East,Free,Mobile
155,59,West,Premium,Mobile
156,30,South,Free,Mobile
157,68,North,Enterprise,Desktop
158,49,East,Free,Mobile
159,56,North,Premium,Desktop
160,66,North,Premium,Desktop
161,69,South,Premium,Mobile
162,49,West,Free,Mobile
163,21,South,Premium,Mobile
164,47,South,Premium,Tablet
165,54,South,Free,Mobile
166,40,South,Enterprise,Desktop
167,56,East,Free,Mobile
168,62,West,Premium,Tablet
169,32,North,Premium,Mobile
170,60,North,Free,Tablet
171,46,West,Enterprise,Tablet
172,53,North,Premium,Mobile
173,30,West,Premium,Desktop
174,49,North,Premium,Tablet
175,24,South,Free,Mobile
176,68,North,Premium,Mobile
177,39,West,Enterprise,Desktop
178,45,West,Premium,Tablet
179,19,West,Premium,Tablet
180,59,West,Enterprise,Mobile
181,62,West,Premium,Mobile
182,23,East,Free,Desktop
183,45,East,Free,Desktop
184,45,North,Free,Tablet
185,61,West,Enterprise,Tablet
186,61,North,Premium,Mobile
187,37,West,Free,Tablet
188,47,West,Enterprise,Desktop
189,28,East,Premium,Desktop
190,45,East,Enterprise,Mobile
191,42,South,Free,Desktop
192,56,East,Free,Desktop
193,50,South,Free,Desktop
194,18,South,Enterprise,Desktop
195,44,South,Enterprise,Mobile
196,69,South,Free,Mobile
197,30,South,Enterprise,Tablet
198,58,North,Free,Desktop
199,20,East,Free,Tablet
200,56,South,Premium,Mobile
